{
  "tiktok_turbo_count": 11846,
  "tiktok_turbo_time": 1774863154.064827,
  "instagram_count": 203,
  "instagram_time": 1774751508.521157,
  "youtube_count": 36,
  "youtube_time": 1774751508.532494,
  "instagram_turbo_count": 2396,
  "instagram_turbo_time": 1774863154.081066,
  "youtube_turbo_count": 19341,
  "youtube_turbo_time": 1774863154.100319,
  "facebook_turbo_count": 517,
  "facebook_turbo_time": 1774863154.120268
}