{
  "tiktok_turbo_count": 11323,
  "tiktok_turbo_time": 1774843353.7415318,
  "instagram_count": 203,
  "instagram_time": 1774751508.521157,
  "youtube_count": 36,
  "youtube_time": 1774751508.532494,
  "instagram_turbo_count": 2348,
  "instagram_turbo_time": 1774843353.7568052,
  "youtube_turbo_count": 15421,
  "youtube_turbo_time": 1774843353.771443,
  "facebook_turbo_count": 454,
  "facebook_turbo_time": 1774843353.782876
}