{
  "tiktok_turbo_count": 13470,
  "tiktok_turbo_time": 1775003527.999719,
  "instagram_count": 203,
  "instagram_time": 1774751508.521157,
  "youtube_count": 36,
  "youtube_time": 1774751508.532494,
  "instagram_turbo_count": 2520,
  "instagram_turbo_time": 1775003538.17948,
  "youtube_turbo_count": 26149,
  "youtube_turbo_time": 1775003538.2614222,
  "facebook_turbo_count": 800,
  "facebook_turbo_time": 1775003538.279092
}